<?xml version="1.0" encoding="UTF-8"?><rss version="2.0"
	xmlns:content="http://purl.org/rss/1.0/modules/content/"
	xmlns:wfw="http://wellformedweb.org/CommentAPI/"
	xmlns:dc="http://purl.org/dc/elements/1.1/"
	xmlns:atom="http://www.w3.org/2005/Atom"
	xmlns:sy="http://purl.org/rss/1.0/modules/syndication/"
	xmlns:slash="http://purl.org/rss/1.0/modules/slash/"
	>

<channel>
	<title>Gift Box &#8211; Sim Candles</title>
	<atom:link href="/product-category/gift-box/feed/" rel="self" type="application/rss+xml" />
	<link></link>
	<description></description>
	<lastBuildDate>Mon, 02 Jan 2023 05:30:30 +0000</lastBuildDate>
	<language>en-US</language>
	<sy:updatePeriod>
	hourly	</sy:updatePeriod>
	<sy:updateFrequency>
	1	</sy:updateFrequency>
	<generator>https://wordpress.org/?v=6.1.1</generator>
	<item>
		<title>Organic</title>
		<link>/product/organic/</link>
					<comments>/product/organic/#respond</comments>
		
		<dc:creator><![CDATA[admin]]></dc:creator>
		<pubDate>Wed, 20 Jun 2018 07:16:56 +0000</pubDate>
				<guid isPermaLink="false">/product/pulses-from-organic-farm/</guid>

					<description><![CDATA[Neque porro quisquam est, qui dolore ipsum quia dolor sit amet, consectetur adipisci velit, sed quia non incidunt lores ta porro ame. numquam eius modi tempora incidunt lores ta porro ame.]]></description>
										<content:encoded><![CDATA[<p>Neque porro quisquam est, qui dolore ipsum quia dolor sit amet, consectetur adipisci velit, sed quia non incidunt lores ta porro ame. numquam eius modi tempora incidunt lores ta porro ame.</p>
]]></content:encoded>
					
					<wfw:commentRss>/product/organic/feed/</wfw:commentRss>
			<slash:comments>0</slash:comments>
		
		
			</item>
		<item>
		<title>Orange Candles</title>
		<link>/product/orange-candles/</link>
					<comments>/product/orange-candles/#respond</comments>
		
		<dc:creator><![CDATA[admin]]></dc:creator>
		<pubDate>Wed, 20 Jun 2018 07:16:12 +0000</pubDate>
				<guid isPermaLink="false">/product/fresh-orange-juice/</guid>

					<description><![CDATA[Neque porro quisquam est, qui dolore ipsum quia dolor sit amet, consectetur adipisci velit, sed quia non incidunt lores ta porro ame. numquam eius modi tempora incidunt lores ta porro ame.]]></description>
										<content:encoded><![CDATA[<p>Neque porro quisquam est, qui dolore ipsum quia dolor sit amet, consectetur adipisci velit, sed quia non incidunt lores ta porro ame. numquam eius modi tempora incidunt lores ta porro ame.</p>
]]></content:encoded>
					
					<wfw:commentRss>/product/orange-candles/feed/</wfw:commentRss>
			<slash:comments>0</slash:comments>
		
		
			</item>
		<item>
		<title>Candle Eggs</title>
		<link>/product/candle-eggs/</link>
					<comments>/product/candle-eggs/#respond</comments>
		
		<dc:creator><![CDATA[admin]]></dc:creator>
		<pubDate>Tue, 19 Jun 2018 13:53:16 +0000</pubDate>
				<guid isPermaLink="false">/product/farm-fresh-eggs/</guid>

					<description><![CDATA[Neque porro quisquam est, qui dolore ipsum quia dolor sit amet, consectetur adipisci velit, sed quia non incidunt lores ta porro ame. numquam eius modi tempora incidunt lores ta porro ame.]]></description>
										<content:encoded><![CDATA[<p>Neque porro quisquam est, qui dolore ipsum quia dolor sit amet, consectetur adipisci velit, sed quia non incidunt lores ta porro ame. numquam eius modi tempora incidunt lores ta porro ame.</p>
]]></content:encoded>
					
					<wfw:commentRss>/product/candle-eggs/feed/</wfw:commentRss>
			<slash:comments>0</slash:comments>
		
		
			</item>
		<item>
		<title>Honey Candles</title>
		<link>/product/honey-candles/</link>
					<comments>/product/honey-candles/#respond</comments>
		
		<dc:creator><![CDATA[admin]]></dc:creator>
		<pubDate>Tue, 19 Jun 2018 13:46:05 +0000</pubDate>
				<guid isPermaLink="false">/product/fresh-organic-honey/</guid>

					<description><![CDATA[Neque porro quisquam est, qui dolore ipsum quia dolor sit amet, consectetur adipisci velit, sed quia non incidunt lores ta porro ame. numquam eius modi tempora incidunt lores ta porro ame.]]></description>
										<content:encoded><![CDATA[<p>Neque porro quisquam est, qui dolore ipsum quia dolor sit amet, consectetur adipisci velit, sed quia non incidunt lores ta porro ame. numquam eius modi tempora incidunt lores ta porro ame.</p>
]]></content:encoded>
					
					<wfw:commentRss>/product/honey-candles/feed/</wfw:commentRss>
			<slash:comments>0</slash:comments>
		
		
			</item>
		<item>
		<title>Wax Extracted lite</title>
		<link>/product/wax-extracted-lite/</link>
					<comments>/product/wax-extracted-lite/#respond</comments>
		
		<dc:creator><![CDATA[admin]]></dc:creator>
		<pubDate>Tue, 19 Jun 2018 13:45:22 +0000</pubDate>
				<guid isPermaLink="false">/product/natural-extracted-olive-oil/</guid>

					<description><![CDATA[Neque porro quisquam est, qui dolore ipsum quia dolor sit amet, consectetur adipisci velit, sed quia non incidunt lores ta porro ame. numquam eius modi tempora incidunt lores ta porro ame.]]></description>
										<content:encoded><![CDATA[<p>Neque porro quisquam est, qui dolore ipsum quia dolor sit amet, consectetur adipisci velit, sed quia non incidunt lores ta porro ame. numquam eius modi tempora incidunt lores ta porro ame.</p>
]]></content:encoded>
					
					<wfw:commentRss>/product/wax-extracted-lite/feed/</wfw:commentRss>
			<slash:comments>0</slash:comments>
		
		
			</item>
		<item>
		<title>Coffee Candles</title>
		<link>/product/coffee-candles/</link>
					<comments>/product/coffee-candles/#respond</comments>
		
		<dc:creator><![CDATA[admin]]></dc:creator>
		<pubDate>Tue, 19 Jun 2018 13:42:19 +0000</pubDate>
				<guid isPermaLink="false">/product/assorted-coffee/</guid>

					<description><![CDATA[Neque porro quisquam est, qui dolore ipsum quia dolor sit amet, consectetur adipisci velit, sed quia non incidunt lores ta porro ame. numquam eius modi tempora incidunt lores ta porro ame.]]></description>
										<content:encoded><![CDATA[<p>Neque porro quisquam est, qui dolore ipsum quia dolor sit amet, consectetur adipisci velit, sed quia non incidunt lores ta porro ame. numquam eius modi tempora incidunt lores ta porro ame.</p>
]]></content:encoded>
					
					<wfw:commentRss>/product/coffee-candles/feed/</wfw:commentRss>
			<slash:comments>0</slash:comments>
		
		
			</item>
		<item>
		<title>Star Candles</title>
		<link>/product/star-candles/</link>
					<comments>/product/star-candles/#respond</comments>
		
		<dc:creator><![CDATA[admin]]></dc:creator>
		<pubDate>Tue, 19 Jun 2018 13:40:31 +0000</pubDate>
				<guid isPermaLink="false">/product/wheat-from-organic-farms/</guid>

					<description><![CDATA[Neque porro quisquam est, qui dolore ipsum quia dolor sit amet, consectetur adipisci velit, sed quia non incidunt lores ta porro ame. numquam eius modi tempora incidunt lores ta porro ame.]]></description>
										<content:encoded><![CDATA[<p>Neque porro quisquam est, qui dolore ipsum quia dolor sit amet, consectetur adipisci velit, sed quia non incidunt lores ta porro ame. numquam eius modi tempora incidunt lores ta porro ame.</p>
]]></content:encoded>
					
					<wfw:commentRss>/product/star-candles/feed/</wfw:commentRss>
			<slash:comments>0</slash:comments>
		
		
			</item>
		<item>
		<title>Cookies Lite</title>
		<link>/product/cookies-lite/</link>
					<comments>/product/cookies-lite/#respond</comments>
		
		<dc:creator><![CDATA[admin]]></dc:creator>
		<pubDate>Tue, 19 Jun 2018 13:34:23 +0000</pubDate>
				<guid isPermaLink="false">/product/diabetic-cookies/</guid>

					<description><![CDATA[Neque porro quisquam est, qui dolore ipsum quia dolor sit amet, consectetur adipisci velit, sed quia non incidunt lores ta porro ame. numquam eius modi tempora incidunt lores ta porro ame.]]></description>
										<content:encoded><![CDATA[<p>Neque porro quisquam est, qui dolore ipsum quia dolor sit amet, consectetur adipisci velit, sed quia non incidunt lores ta porro ame. numquam eius modi tempora incidunt lores ta porro ame.</p>
]]></content:encoded>
					
					<wfw:commentRss>/product/cookies-lite/feed/</wfw:commentRss>
			<slash:comments>0</slash:comments>
		
		
			</item>
		<item>
		<title>Cashew Candles</title>
		<link>/product/cashew-candle/</link>
					<comments>/product/cashew-candle/#respond</comments>
		
		<dc:creator><![CDATA[admin]]></dc:creator>
		<pubDate>Tue, 19 Jun 2018 13:30:53 +0000</pubDate>
				<guid isPermaLink="false">/product/cashew-butter/</guid>

					<description><![CDATA[Neque porro quisquam est, qui dolore ipsum quia dolor sit amet, consectetur adipisci velit, sed quia non incidunt lores ta porro ame. numquam eius modi tempora incidunt lores ta porro ame.]]></description>
										<content:encoded><![CDATA[<p>Neque porro quisquam est, qui dolore ipsum quia dolor sit amet, consectetur adipisci velit, sed quia non incidunt lores ta porro ame. numquam eius modi tempora incidunt lores ta porro ame.</p>
]]></content:encoded>
					
					<wfw:commentRss>/product/cashew-candle/feed/</wfw:commentRss>
			<slash:comments>0</slash:comments>
		
		
			</item>
	</channel>
</rss>
